temperature,humidity,light,action
18.256129022821646,68.30565236857878,513.5511142802238,"[1, 5, 6]"
19.868732356468108,66.45873718150624,277.5049378911068,"[1, 6]"
15.0462221870076,60.71153642316109,562.4624461929868,"[1, 5, 6]"
10.291178067595686,79.2093359498305,211.96900449238225,"[1, 6]"
23.184206376048227,70.6047117142732,398.22199621783545,[6]
23.574072920429927,67.42401297347638,376.8706147832671,[6]
11.95858971777188,66.91112590713527,620.1238339319907,"[1, 5, 6]"
13.813588541372486,76.21057206087978,366.87288855513816,"[1, 6]"
14.140422197003032,69.70036008787669,673.0530064085003,"[1, 5, 6]"
14.252272308143468,69.82130504343996,266.08966703107984,"[1, 6]"
13.432711413004442,68.73348262054598,627.2838806850486,"[1, 5, 6]"
20.007010685668856,77.34851513915758,687.4695677786136,"[5, 6]"
13.725578358628416,68.28131697505319,679.5064901936134,"[1, 5, 6]"
16.56176354761087,75.88449559727947,587.3169269398745,"[1, 5, 6]"
20.82312357317211,65.2566745344601,566.656088732451,"[5, 6]"
20.388770291174733,72.14260885694422,477.1383542030202,[6]
15.921109540072946,69.57657889308851,552.6044132623101,"[1, 5, 6]"
16.894325748452964,72.88323593035891,271.84920832961615,"[1, 6]"
14.1371716113313,63.51153711743139,357.1429126188546,"[1, 6]"
17.26005086659467,60.24100390039581,353.2083482672515,"[1, 6]"
20.751483253081865,74.35494486789929,510.1528042406595,"[5, 6]"
19.943029958436483,74.83549761880951,476.7541334986997,"[1, 6]"
11.108824947017196,61.81903797935316,220.6646260018705,"[1, 6]"
15.912099924094637,63.6444344679593,357.6070514449558,"[1, 6]"
12.726322732807908,73.61005473252692,259.718622666685,"[1, 6]"
15.935199128248035,60.86977732859115,590.2822826985636,"[1, 5, 6]"
20.808459956560952,67.61760070088268,634.805135813354,"[5, 6]"
13.9365996304157,67.47825830639151,551.3418176160956,"[1, 5, 6]"
13.678152953897849,73.65290271845716,558.0639530895287,"[1, 5, 6]"
22.05289432758341,72.19336451792428,467.9404587035266,[6]
21.682397399739877,63.49221313350201,449.3349790651839,[6]
18.71263602464996,61.61098877172464,689.2958310311774,"[1, 5, 6]"
13.743803928098036,69.42367194813096,627.5773450216915,"[1, 5, 6]"
18.572285426000768,61.119117748264784,658.0633759942984,"[1, 5, 6]"
21.68125717897372,77.95959446444576,439.2114675337747,[6]
15.488531142309157,60.49007165648022,229.0163517172797,"[1, 6]"
20.170764999675352,64.79826676910817,525.7787901602993,"[5, 6]"
10.73998713132014,61.182995757286434,365.7203785165633,"[1, 6]"
19.739950979890672,75.44773408137155,234.32761314055665,"[1, 6]"
22.92723557730173,79.63108503447555,287.80652841226146,[6]
14.453512409884794,68.68469520413103,246.2058793922157,"[1, 6]"
14.880799015161564,71.27902139388736,318.83373542916576,"[1, 6]"
14.637688815292554,71.31990320349273,487.5972553046741,"[1, 6]"
23.99113548996446,65.41012562706686,688.2700416509352,"[5, 6]"
17.730780513119463,69.12750619195896,589.5274166467591,"[1, 5, 6]"
12.823349419706153,71.9183889097861,390.847158522712,"[1, 6]"
17.900189578686298,64.49725415808145,585.4060506767119,"[1, 5, 6]"
15.573843203973018,63.17475838456309,337.6985551539388,"[1, 6]"
19.16152038539763,79.77029273159545,694.538749203195,"[1, 5, 6]"
15.894694604325194,79.59876827845292,373.2758398297848,"[1, 6]"
12.952794770999354,76.84479130099267,253.92599514281235,"[1, 6]"
19.310758424646515,62.426214549618365,430.40812252039314,"[1, 6]"
22.52312002313413,71.71518432015586,233.07071105865023,[6]
19.77898690453065,60.973371300454986,414.00764146001984,"[1, 6]"
10.75960115979493,70.09060456721163,639.5874437583336,"[1, 5, 6]"
17.561393563627984,65.18369934288833,306.6012803425092,"[1, 6]"
21.185791283031968,64.51356567328409,406.7386824098345,[6]
12.405369626067928,73.85821122655366,529.5169216795023,"[1, 5, 6]"
15.059300378342217,75.76071002374428,515.3605381729453,"[1, 5, 6]"
13.681039445840664,66.69492406715004,568.0774589542045,"[1, 5, 6]"
20.12968025348025,75.04059484288739,548.2589736077571,"[5, 6]"
12.53128853543632,60.29475906440563,226.43533625769567,"[1, 6]"
12.97509559514177,72.6856832220194,592.2551620486993,"[1, 5, 6]"
20.188151496739472,74.95762417281863,294.02638253242185,[6]
15.804613253977056,79.03988011461578,540.6348305039835,"[1, 5, 6]"
16.773849215705035,60.35336377316265,645.6445730723012,"[1, 5, 6]"
11.707128935137405,66.52493023022049,326.9502059885736,"[1, 6]"
22.734176120290105,66.55440450804471,207.0691842408019,[6]
12.61226633522371,78.73334542510366,567.5428418706974,"[1, 5, 6]"
21.050049690204983,67.67116004187835,635.5003451270217,"[5, 6]"
15.223676532531789,72.1443265375214,226.5424720261865,"[1, 6]"
11.75889367259794,72.29300585109148,208.18913259976264,"[1, 6]"
16.44968968123594,69.47761218494696,393.01811726251617,"[1, 6]"
10.43499876413134,68.58548358429205,411.3457408485493,"[1, 6]"
21.32097534603738,76.37954745528397,673.0052267055482,"[5, 6]"
13.384819986569658,60.46518815843741,420.1182723454754,"[1, 6]"
11.939686760746431,79.2803948609874,643.6644913979633,"[1, 5, 6]"
17.043655104974473,71.94043170217918,669.3974300449935,"[1, 5, 6]"
22.79347919170552,69.62503469859091,533.8813306452082,"[5, 6]"
14.994155112444004,75.34228313602054,411.4509096693158,"[1, 6]"
23.112440731206124,67.39054313711476,436.6542769383256,[6]
18.66113134658622,69.04635076941312,616.7499931029513,"[1, 5, 6]"
22.23647563838785,69.93249621637014,443.0519950797841,[6]
19.159391656122352,78.96368431290377,363.2300927343506,"[1, 6]"
10.47125626712337,74.86795670428245,229.39865012172788,"[1, 6]"
11.881174518476188,74.5142975963034,561.3968378087063,"[1, 5, 6]"
21.81682427999027,78.11353018262547,462.24257437423375,[6]
23.71217005882852,71.23254723780207,213.43455133889205,[6]
15.233298244851078,60.99289285605282,512.9776084534525,"[1, 5, 6]"
19.640177525725186,67.94813807083099,223.7917974074055,"[1, 6]"
16.832546495193558,66.36278674292642,666.2015545404711,"[1, 5, 6]"
21.0631175604104,75.5641464875913,548.303625819458,"[5, 6]"
17.359372502686274,69.78902128976915,518.3206312723116,"[1, 5, 6]"
23.176875101074664,78.42919805583993,636.566625450643,"[5, 6]"
22.21234526233235,76.82857912962677,252.37017728631795,[6]
23.023237329363848,71.12410481604384,390.9568171500863,[6]
22.19812822834384,76.39564245450327,341.17133470946976,[6]
15.606201243097823,62.28305219213753,638.0447481342542,"[1, 5, 6]"
10.22877767774947,61.194276138442,637.6697577180223,"[1, 5, 6]"
21.842530366403665,66.99301448078175,210.83698356129497,[6]
19.21036218230754,74.09721854546486,534.4214061905375,"[1, 5, 6]"
21.905468352142343,74.22587280066993,278.3087221643598,[6]
13.986564185130131,61.21095716183468,491.2250416356541,"[1, 6]"
18.540209513788746,60.80427018662191,482.921621934269,"[1, 6]"
13.820951367724788,65.83095442566909,238.5308806291996,"[1, 6]"
19.468117554478752,62.40785988801657,678.3370705116581,"[1, 5, 6]"
17.678816389390725,78.7639127571942,610.9222419104046,"[1, 5, 6]"
22.7495951759611,71.61089237790235,562.7015808884112,"[5, 6]"
12.868227859454528,72.13478316985193,698.7959667546673,"[1, 5, 6]"
18.301050901459377,75.49722450270886,361.3683333436112,"[1, 6]"
15.57633288813838,64.33742673709835,605.9193391030377,"[1, 5, 6]"
18.251532074415028,70.98771242405388,665.6869050486183,"[1, 5, 6]"
13.508265131739794,74.31326264565163,377.5621333334362,"[1, 6]"
13.553310846705578,75.3431256886372,400.8114182207157,"[1, 6]"
10.44715044764258,79.759327623253,472.33946606957335,"[1, 6]"
16.580735207626653,78.97701443232866,430.36364743086,"[1, 6]"
13.584016590181513,79.7137610267344,589.1105762584389,"[1, 5, 6]"
15.571550508463584,78.70052154102233,443.9121780533535,"[1, 6]"
12.307770627342627,60.71669877659033,230.23556592010607,"[1, 6]"
15.889456608682693,61.48042650314944,248.2836254382676,"[1, 6]"
18.27955433088228,67.52410607590932,440.636802452298,"[1, 6]"
23.310238973207102,69.2377195050638,414.75938804222096,[6]
21.81594226520051,67.93660586478384,423.9915415871897,[6]
18.202131823208344,73.36813252012595,288.47318691348573,"[1, 6]"
16.719593801691854,60.61190044220266,383.2104744009529,"[1, 6]"
16.787701187831274,60.07267185083624,516.5226494721167,"[1, 5, 6]"
11.832157531082,67.2763325555261,576.8224968267778,"[1, 5, 6]"
15.785037888195047,78.56402354613675,655.7760136826034,"[1, 5, 6]"
20.64961855441788,60.71999229380295,250.4696013850413,[6]
23.666658561033493,70.06837535414564,372.8623909176685,[6]
23.08901623635092,67.67603166033058,338.4364972556885,[6]
11.425323601320276,73.43968651725307,585.3818623703316,"[1, 5, 6]"
10.97478497938278,67.7065763065431,539.9759669877585,"[1, 5, 6]"
20.05714211491184,73.32410588423488,495.8085587374088,[6]
10.429243404680168,69.00800853866959,311.9758727163339,"[1, 6]"
11.56308896280245,62.42085445843013,243.2519815530687,"[1, 6]"
18.02713494210473,74.52288903208577,431.5413263096312,"[1, 6]"
22.84059750218416,63.83193742229191,530.8089310604146,"[5, 6]"
11.445515826830988,76.55487312844039,246.1465136385263,"[1, 6]"
13.29258299486647,77.8221195498989,431.8391099943823,"[1, 6]"
22.472585181023387,63.56020227919987,697.1815614496898,"[5, 6]"
15.914789777541529,60.35288933270923,219.82379138496785,"[1, 6]"
14.757330076209294,66.67979823553341,508.0386144581418,"[1, 5, 6]"
10.04639543860253,69.05263779462443,298.6936082724972,"[1, 6]"
15.833930628468403,72.14765341418533,527.3071764590002,"[1, 5, 6]"
12.537112771818263,63.25216054682627,231.37073412142715,"[1, 6]"
23.03931676877752,70.19447632054711,685.1971859313351,"[5, 6]"
14.77048189828056,70.4311871891932,422.3106431231545,"[1, 6]"
16.23185393942361,73.44732602809673,608.889156598023,"[1, 5, 6]"
14.963162812752834,78.40642807747278,611.5749284004278,"[1, 5, 6]"
13.52518911040723,64.06899204859084,522.1878096488833,"[1, 5, 6]"
10.19082881371939,70.26284262370963,472.9696362195977,"[1, 6]"
10.62578438370497,60.21379454516904,608.576140314687,"[1, 5, 6]"
19.82219492916321,63.67702951339984,415.4790889103256,"[1, 6]"
15.348518095850046,73.53492506280794,686.4948301289447,"[1, 5, 6]"
16.490153066969597,76.59900211235016,614.6160613520935,"[1, 5, 6]"
17.2264901342318,75.20268634655164,323.31020585814804,"[1, 6]"
19.50582300844008,72.22136792613695,631.0782082668911,"[1, 5, 6]"
21.783151082665466,62.86054397768452,588.879595784661,"[5, 6]"
18.286187972589303,73.05322663527818,681.9037158806357,"[1, 5, 6]"
14.71768566965043,77.75165522565572,286.41908221007884,"[1, 6]"
10.2750941116421,73.94507861560413,658.3999746312547,"[1, 5, 6]"
20.43956100613049,65.81757471505061,320.2448496446217,[6]
12.09993782434705,65.05417487360666,669.6332231784481,"[1, 5, 6]"
16.01041578759674,75.14134030553642,566.9376693493899,"[1, 5, 6]"
17.34203239314276,76.19652885625483,413.73623311304186,"[1, 6]"
15.357269391942127,70.08801857749481,289.5487414223994,"[1, 6]"
18.000640623630378,62.56630202866262,645.8639073688175,"[1, 5, 6]"
19.63454948704738,65.28242645987835,558.9517923250662,"[1, 5, 6]"
23.60028193299923,70.56153580953205,332.01426728159225,[6]
11.208503487911106,72.74028169799382,530.1163916752462,"[1, 5, 6]"
17.800627152026845,73.9938096468353,417.7344321567854,"[1, 6]"
12.384031407366264,67.0660247422908,403.7531438657898,"[1, 6]"
17.52018340520391,68.62703230917649,481.0109720952244,"[1, 6]"
19.364766385227423,74.25671704486763,262.6357777140839,"[1, 6]"
20.94157829720129,68.05815420850801,565.2182049004036,"[5, 6]"
12.383250263132506,64.82418017112907,626.1198254051765,"[1, 5, 6]"
16.599770529485,76.27779941750909,520.6444778909333,"[1, 5, 6]"
15.394897485610857,77.66876954101559,359.6190209537617,"[1, 6]"
20.800844136501368,78.63147528794104,419.9546175454276,[6]
19.868619237784287,77.97518189401794,310.37683827557544,"[1, 6]"
13.667280035820523,71.04388648315555,530.0164793990671,"[1, 5, 6]"
10.415057677742778,75.93557022735425,282.92031749026216,"[1, 6]"
20.34459343361524,69.9782766656569,359.17116231998864,[6]
18.6368124103576,63.658116698182205,292.0606360828342,"[1, 6]"
20.227936285111277,79.51426135113991,441.5850020318751,[6]
17.788199216657468,63.436377547477086,272.3913631159784,"[1, 6]"
18.11346529332324,69.09924238349313,698.3702323300996,"[1, 5, 6]"
16.145515654376922,69.58599334878602,422.6096846845578,"[1, 6]"
19.084717715576176,62.46827569276631,504.4348765823354,"[1, 5, 6]"
15.690423153421731,79.68184677672946,338.33584550453503,"[1, 6]"
13.284015403300137,67.73333034940916,548.077621424183,"[1, 5, 6]"
23.01690803281455,62.39216538586008,654.7932947638096,"[5, 6]"
15.773288552911374,68.35924937344743,377.84770949052734,"[1, 6]"
15.548965971770626,70.415592091427,671.7964516363172,"[1, 5, 6]"
22.554081044315637,62.006359344745256,500.0050723850591,"[5, 6]"
12.438649491027569,69.43422621127183,625.4837158927148,"[1, 5, 6]"
17.70288625050618,73.26146609477932,539.4954853338604,"[1, 5, 6]"
10.919021743218847,72.68811110297068,588.4794814676992,"[1, 5, 6]"
19.377227500301043,64.8280667185397,538.8410346424953,"[1, 5, 6]"
15.197965761018406,77.5874850082419,338.8184349768504,"[1, 6]"
14.924455981000332,79.45021189715794,499.3034116281846,"[1, 6]"
15.951091194151475,69.50084552083334,634.2493738675139,"[1, 5, 6]"
21.007939019845992,78.64344315413233,414.08044620673616,[6]
21.64308426703769,74.88088258819313,312.0644463544693,[6]
17.835746617248976,79.0517287877735,479.1087893139357,"[1, 6]"
14.985586889794892,78.96108780465028,513.8036290024579,"[1, 5, 6]"
11.650605466527864,76.4181525952346,595.026824655297,"[1, 5, 6]"
11.820072979946428,70.34879792495126,254.01883684620955,"[1, 6]"
13.157381357628418,65.76468717324863,357.91471947214865,"[1, 6]"
21.24652489546324,65.16748529455992,208.37237574100087,[6]
13.00672067844254,62.04057890876452,202.57744712636185,"[1, 6]"
15.828637290804398,62.34370896372307,205.9349273370634,"[1, 6]"
22.542833232801435,76.56715143371717,441.15417990500384,[6]
21.786168227400477,68.22631127223659,360.5396181438351,[6]
21.1964829069494,67.3894499226715,541.1461696022589,"[5, 6]"
16.28202715737468,71.99043219460779,471.2438880657396,"[1, 6]"
21.807107743484863,71.86736083927926,376.624069416048,[6]
22.84359145170821,75.54377672264364,227.33475919608497,[6]
22.79215488628557,63.52132311814339,386.4445127415914,[6]
13.23580646836012,76.36423986378671,412.1833515096922,"[1, 6]"
10.177971801444915,62.46920988290845,643.0510632713887,"[1, 5, 6]"
11.604371137113892,66.40544943989107,456.9303579931153,"[1, 6]"
15.55248888237805,63.91785951281733,534.1795481422566,"[1, 5, 6]"
14.180428566755143,61.39735455704783,320.09458597290507,"[1, 6]"
21.52089708711633,70.54450095420043,401.5729685712517,[6]
16.208313741789595,72.50994885369978,338.533124039795,"[1, 6]"
17.48086160755769,77.3477607958497,256.8646456948721,"[1, 6]"
15.603076584724466,62.1424932752179,392.1933759909587,"[1, 6]"
22.432475534721185,61.17500469115314,669.7403582083092,"[5, 6]"
15.178858331189694,64.64845483445524,462.26808136712265,"[1, 6]"
17.02672400519726,67.30864175719353,424.41846826775054,"[1, 6]"
19.0319937799014,78.74995661072897,568.7966195664546,"[1, 5, 6]"
16.581660361924598,63.60683521974258,406.4383989403027,"[1, 6]"
17.04940542459751,72.94598650463713,525.5972579644662,"[1, 5, 6]"
15.60372556729462,77.05744470943351,514.9234413873169,"[1, 5, 6]"
17.496492632832965,74.50658279962528,377.6908037356876,"[1, 6]"
15.928491974854328,68.5275944711506,492.47230260393405,"[1, 6]"
13.54241526839342,68.5151522700954,213.89334292938017,"[1, 6]"
15.9138791401399,73.0615841768333,453.94459087044913,"[1, 6]"
10.968937389710335,70.20470324833883,376.24124459977895,"[1, 6]"
22.639977045357377,66.93986187973113,599.656752040662,"[5, 6]"
12.718124199074978,79.88105588794659,313.4087875845059,"[1, 6]"
10.85611396986606,66.77377150248958,626.1218290493356,"[1, 5, 6]"
22.869706447526177,79.30187398298516,243.3901324188784,[6]
14.04930419925724,64.15160246705376,242.1239767812836,"[1, 6]"
11.225980980650538,69.69242576064036,625.7120138979612,"[1, 5, 6]"
20.901988766964,77.84403516849741,358.23134712668616,[6]
13.310029175069854,72.88000063337651,507.456138246754,"[1, 5, 6]"
23.521362553007265,68.23868452932258,459.3753424004128,[6]
22.869049366294007,63.41295543178676,668.0312964987057,"[5, 6]"
13.221644894252483,78.19314782638457,319.6919067864251,"[1, 6]"
20.47541886735909,79.92874543664666,482.51923992296327,[6]
18.085916698630346,62.9850280287746,447.98862207498433,"[1, 6]"
17.280250944633597,65.91435001233404,362.9796021073234,"[1, 6]"
18.633450800572334,73.11249395785347,583.5210428997057,"[1, 5, 6]"
19.947238781136704,73.0877446728376,383.3752874751651,"[1, 6]"
21.503725589214906,67.60927688224946,223.89402315626091,[6]
23.07845804298292,78.26757503660333,227.6703550057328,[6]
14.53653414606394,66.99078761258426,554.7023814195302,"[1, 5, 6]"
13.832051201279883,74.45372071398128,338.7275988062894,"[1, 6]"
21.76166207788054,75.7963709719528,272.70996930547886,[6]
22.228124137655,66.53825543689165,361.395642788817,[6]
23.251017807683613,76.78805334508348,620.1928542479111,"[5, 6]"
13.660139436964446,77.37803669791089,687.8721783288012,"[1, 5, 6]"
15.201655044052664,61.4577414476526,219.9171874931391,"[1, 6]"
17.79876993296299,70.71132463327112,575.7155082843713,"[1, 5, 6]"
17.89504856618077,79.40497319673135,606.3668659589355,"[1, 5, 6]"
22.13442687706266,69.07582034944161,464.9485681451859,[6]
12.47042279178592,62.04757177800636,325.4892334474898,"[1, 6]"
16.662134123612674,67.00981681834561,288.5766934885573,"[1, 6]"
22.864007920119743,60.26959436547354,665.3295509612035,"[5, 6]"
21.17785407026269,77.894478783404,575.1168753040268,"[5, 6]"
18.61838806755859,60.35202027640702,672.532249702826,"[1, 5, 6]"
10.944299190013384,78.09363157245973,358.417670625367,"[1, 6]"
11.935238213194962,75.76608171620384,419.477023246592,"[1, 6]"
23.48050007449373,73.83269909203932,473.8633301047089,[6]
23.45560911654856,68.61835391974626,691.2740395115239,"[5, 6]"
20.64529038195436,67.27170968408944,325.9606297522769,[6]
16.60083552776874,69.65282847774691,512.7295599674917,"[1, 5, 6]"
12.342121326720637,78.31259185435233,685.1371779957317,"[1, 5, 6]"
18.45294686820871,68.2181265006572,224.1095838943579,"[1, 6]"
10.258525538295444,62.23604088430231,225.1010287575359,"[1, 6]"
15.212160329981623,70.88005980824414,415.1070991805108,"[1, 6]"
15.351962522406389,64.51285378936085,533.2518040661523,"[1, 5, 6]"
23.886256485845625,70.21920718090279,407.5039968284189,[6]
23.068827204441785,73.49345599307847,363.0658822231615,[6]
15.642865134607373,70.09870127387288,520.6700740334688,"[1, 5, 6]"
21.42941336549969,64.0986287739389,233.53908397680956,[6]
22.086568369714115,66.066798839784,547.488407166617,"[5, 6]"
20.65550135573312,60.323132411871455,501.40715729330185,"[5, 6]"
12.11743211175732,66.28906585376089,683.1106074271236,"[1, 5, 6]"
21.759741940091796,77.87755975526544,229.93355407996413,[6]
17.652860496854935,76.9474405916157,332.0825182386915,"[1, 6]"
14.755218550014888,74.88225374436944,638.5618974089681,"[1, 5, 6]"
15.528236131775548,76.45918821676011,289.17874943674894,"[1, 6]"
23.89261021018993,72.03804380564353,373.26664011184425,[6]
15.907715003446338,70.12821772676865,251.02923700719032,"[1, 6]"
22.29666833711584,62.47530722632682,666.5166129731426,"[5, 6]"
10.239535942865086,70.97298593060512,321.88409414715017,"[1, 6]"
13.609654153689926,71.45501848562823,290.3291183326678,"[1, 6]"
10.41428363974895,78.72937919321569,597.0562623424576,"[1, 5, 6]"
20.958942179244488,71.08259623157748,268.24922955463114,[6]
11.979518259997898,68.0182341993304,531.766864384157,"[1, 5, 6]"
22.649973498363096,71.70199815131657,567.4871668472583,"[5, 6]"
23.785078313529414,62.67984632167044,697.5789364646043,"[5, 6]"
14.529554132942796,62.09004209539218,662.2863212912381,"[1, 5, 6]"
21.24819435090317,77.16223017620942,231.49377094738065,[6]
22.18772223853159,72.8731248651041,336.82218204751206,[6]
17.29049301815756,74.66412349765133,349.52045035925283,"[1, 6]"
10.684138718174214,63.95026552804601,665.7996214528681,"[1, 5, 6]"
12.55543259161413,76.46910115341254,512.3256694729945,"[1, 5, 6]"
15.974697210669824,64.27222854754072,344.47916223659433,"[1, 6]"
20.74350860749538,78.80625885951432,676.0459871406547,"[5, 6]"
18.91865272496194,66.31749318545062,229.21056694140523,"[1, 6]"
10.7697254888253,63.86055229865887,243.89050620273383,"[1, 6]"
12.54623971274065,67.09358048960064,434.4342568261924,"[1, 6]"
19.017358300122613,66.58231302244606,419.51980579131214,"[1, 6]"
11.377940923415572,74.7396285905915,275.61241062534503,"[1, 6]"
19.888028405563077,77.4039408332205,491.8506902303669,"[1, 6]"
18.814135437905342,75.10501848334081,233.0077991790187,"[1, 6]"
22.03097535824267,79.00613337975412,550.0237096287883,"[5, 6]"
19.12091436973729,69.04161170697705,551.7300723607412,"[1, 5, 6]"
15.54811528580381,66.23768000704533,478.48962249267487,"[1, 6]"
12.367800508101938,69.59315396639683,337.82655163366746,"[1, 6]"
12.25137016648846,70.6595918605412,415.84464886894136,"[1, 6]"
18.378302779303404,70.03390080084435,520.2572863968196,"[1, 5, 6]"
12.569397746778122,60.68993200673901,663.4650462380698,"[1, 5, 6]"
20.91203077736513,65.0736404855996,298.85594713745536,[6]
20.857209507579316,61.66136952444308,520.1094108964792,"[5, 6]"
21.418895259777223,65.5102036048376,219.82371384626447,[6]
12.109412742865546,73.92192325539921,349.1135392009899,"[1, 6]"
22.627554225584973,77.11937024716453,619.4049353159787,"[5, 6]"
18.76202131191612,78.20876359837709,332.287073063388,"[1, 6]"
22.284694681280584,79.84206506603657,680.1170732341825,"[5, 6]"
18.55073619525511,79.25519847053444,400.9266208042034,"[1, 6]"
23.532371428273585,74.26143555558869,302.82797414426346,[6]
20.115977049069546,66.17083291064613,637.640851103682,"[5, 6]"
11.613330777318827,73.46091051575858,668.3430600549362,"[1, 5, 6]"
16.096579900854266,63.678312662373045,636.0137045271354,"[1, 5, 6]"
19.72889712401649,72.6769256630646,690.8927687818386,"[1, 5, 6]"
19.370153010929776,62.7722575419477,671.4412698096204,"[1, 5, 6]"
23.05525105375243,68.38761920602099,630.4940067991156,"[5, 6]"
13.095366646034078,63.177774995853326,386.07946155551787,"[1, 6]"
21.118648197673892,65.20904853317954,303.5166568414363,[6]
21.138287764937687,73.40946898390752,337.20915644108294,[6]
19.181853608103825,61.40293525662416,495.59467413410806,"[1, 6]"
23.27748331705234,68.36705422311337,578.9785785629614,"[5, 6]"
20.83952826513608,76.00751361263863,553.8571380018346,"[5, 6]"
20.6740565186646,73.30210837002335,679.9977296718031,"[5, 6]"
10.36830994211611,72.93019496924019,394.27818275551215,"[1, 6]"
14.196875809043284,64.21420312230366,656.8680949581833,"[1, 5, 6]"
18.807197365736748,60.92267316853247,657.1973651737042,"[1, 5, 6]"
21.456677916084384,76.54588204715992,598.9452494980363,"[5, 6]"
12.856999442789464,62.28291407399218,340.0287249144426,"[1, 6]"
15.158582954544103,74.49510379450948,427.2845373419945,"[1, 6]"
23.271469953011916,62.356494894856816,233.5514892484084,[6]
14.573682623370876,70.155180194245,458.2756494152108,"[1, 6]"
21.979682380945253,78.9081776243725,512.6684157592879,"[5, 6]"
15.212309197268397,62.31284405679683,296.9875830531684,"[1, 6]"
14.417171663315628,63.99918557347029,626.1168205617666,"[1, 5, 6]"
14.06931712246153,65.61854065933065,293.07295818905595,"[1, 6]"
19.6669540605726,77.29979133133602,668.7633651781715,"[1, 5, 6]"
11.82125698418358,73.1813455594127,569.996685007739,"[1, 5, 6]"
21.723994193184907,64.72226385320103,325.4922584189401,[6]
19.39503156139685,78.9959705307141,453.55360376350313,"[1, 6]"
14.97257935470179,74.55471651167618,360.6308263302906,"[1, 6]"
12.269435804334924,79.01851659729408,442.64505386885617,"[1, 6]"
15.708133558224132,69.07916690195012,347.9887995192612,"[1, 6]"
18.35132458407373,74.83514937884766,479.5271931263147,"[1, 6]"
14.057589276257447,61.04372539592526,397.2682257974077,"[1, 6]"
18.793709542356147,60.49924445766468,581.3600134007154,"[1, 5, 6]"
10.54214612093348,61.31524659337578,382.6441350650881,"[1, 6]"
22.18561122159235,74.95870064205236,591.4026881293371,"[5, 6]"
21.0056719749037,64.54738595931924,434.7909769422766,[6]
16.748814251360123,79.13539007226917,613.1421374889352,"[1, 5, 6]"
16.615562827566997,64.65480696984044,516.4741728561901,"[1, 5, 6]"
19.707809736707496,65.82504670230985,295.2328627584712,"[1, 6]"
13.651982810731688,72.49038136791279,578.3961464752756,"[1, 5, 6]"
17.652760959940533,79.63676469116209,332.47671021540447,"[1, 6]"
20.06630271553234,61.68599342746536,631.8488803813277,"[5, 6]"
17.34885833046942,65.45225719791544,527.4503323429003,"[1, 5, 6]"
20.94885261602937,66.80755775835034,351.99221011388664,[6]
11.186266824822274,70.66508865191125,435.54386795585526,"[1, 6]"
17.556112577182503,72.01364422159477,628.6460878293419,"[1, 5, 6]"
23.767630976058552,71.54765296334106,587.7821374297891,"[5, 6]"
23.196714002563382,67.2566813700273,399.3968679214656,[6]
11.39992762793426,65.96301980039968,487.91471261291485,"[1, 6]"
23.04431643082703,68.91697183629353,408.9830888229934,[6]
14.821725246401003,69.90303262485806,227.79102502063395,"[1, 6]"
11.753307705584062,74.52786863344365,536.4487922214162,"[1, 5, 6]"
17.13193473985585,74.34561404618064,239.6817401655157,"[1, 6]"
19.657989347077415,64.46387955179138,669.588030117048,"[1, 5, 6]"
11.7472322664383,65.17937905417985,643.0235497195264,"[1, 5, 6]"
13.178855349222308,75.364340493753,403.6791528665349,"[1, 6]"
10.30704390170392,63.57599403914767,588.465798429673,"[1, 5, 6]"
21.740531690428742,75.5259508694833,495.0436427427292,[6]
10.285492722990252,62.41173524467765,480.48537905988303,"[1, 6]"
15.587986955283684,78.53369042677289,345.68934211150736,"[1, 6]"
10.984443586360026,78.00277219598887,243.69417934017656,"[1, 6]"
15.714080952435966,60.4775437611406,489.513133031863,"[1, 6]"
12.09214470482807,67.20930029404958,581.1081599691537,"[1, 5, 6]"
17.310188265676388,68.90737542092587,420.0855073323679,"[1, 6]"
10.45295487278744,64.67857287075722,426.2037530782621,"[1, 6]"
14.584116219054367,65.56236137422064,539.5998059933565,"[1, 5, 6]"
16.884168106546156,67.2804975721652,483.7287872272971,"[1, 6]"
12.079383087416868,79.21112783238205,339.50806240845486,"[1, 6]"
20.83904502173639,66.12978074725378,668.3679442009432,"[5, 6]"
13.090630444970795,69.57125117276804,627.963783818745,"[1, 5, 6]"
17.234314978298386,76.52501162176762,661.2992677244018,"[1, 5, 6]"
13.871975487072348,62.77687994393136,316.17345847521574,"[1, 6]"
19.820976170788438,69.72204464059743,432.9955847925038,"[1, 6]"
20.562290107066268,79.00124495433586,446.3941928847038,[6]
15.668811359293136,64.63224908406968,331.4688510541208,"[1, 6]"
20.939251943880706,76.13511049933601,486.2284906756647,[6]
23.319685318979765,78.54506720747008,444.0029304626828,[6]
21.349334971792675,62.31268016823195,358.79923473360657,[6]
16.43530968903785,78.55633306828352,536.7904077858067,"[1, 5, 6]"
16.516486097630704,72.29372582713208,561.7414968557646,"[1, 5, 6]"
12.920108980144525,60.30047904388383,421.9421373116532,"[1, 6]"
13.427823942719378,74.5509391985234,246.66309489349783,"[1, 6]"
21.39495306016,73.30394453777394,315.924180812757,[6]
12.502798262301708,64.86597436528015,411.4329900738472,"[1, 6]"
13.81227992079971,75.58163211358213,270.151206296246,"[1, 6]"
17.828774010683233,74.37064829473066,521.2030007390667,"[1, 5, 6]"
21.01345584807429,79.96227613874308,513.4623457400941,"[5, 6]"
17.898431577370175,72.6614206381648,563.4563278117358,"[1, 5, 6]"
20.71753825262008,61.90847627916075,268.2968584463391,[6]
11.098897204371656,73.1231769175861,484.6968660558501,"[1, 6]"
12.346929867737453,73.25264556505302,657.4802454236901,"[1, 5, 6]"
21.337334700162167,69.84035330167708,384.4836258787312,[6]
17.920363685058447,79.03222839656742,458.00611891291067,"[1, 6]"
23.35292487222336,66.8343342499144,377.2981483981531,[6]
20.04358227414287,73.67903067168831,433.055666451558,[6]
11.404591215046713,63.23387522781098,683.9197649193205,"[1, 5, 6]"
16.96372691517047,76.05134888982556,462.6197901716936,"[1, 6]"
23.973159919547232,60.1786392361694,578.094431566909,"[5, 6]"
20.36884417340724,78.62354923174507,682.9745301016992,"[5, 6]"
15.046602914495338,63.81888718455208,256.5750701154431,"[1, 6]"
14.97845539437242,61.43841390478702,515.299394145909,"[1, 5, 6]"
14.70707169525772,75.15611809048154,614.3372161164721,"[1, 5, 6]"
13.310555048194152,68.54422045540099,617.2741881464501,"[1, 5, 6]"
23.394892403297643,74.88386256448155,483.5131592823872,[6]
14.966205481299893,62.61054339115771,360.92288407567776,"[1, 6]"
17.435122235051765,61.41291217850873,284.3285026936757,"[1, 6]"
17.180518210050558,74.79026573547321,686.0299828909253,"[1, 5, 6]"
18.720927701144586,69.69412110052018,257.578145685945,"[1, 6]"
14.339789138490415,79.19640518941353,512.9639241400575,"[1, 5, 6]"
22.661480685469645,79.03959028794739,256.5380825318361,[6]
23.55579498292652,68.30559989513571,310.0801751336353,[6]
12.140004872180238,72.59724791818442,358.69130715739175,"[1, 6]"
13.51114541500713,62.381657758733645,646.8225155028226,"[1, 5, 6]"
17.424497042108303,70.74259504388505,276.38995950061235,"[1, 6]"
14.789111751129552,68.27210268815341,245.8612897048991,"[1, 6]"
14.753809579201915,78.34356990141461,682.0109517606659,"[1, 5, 6]"
19.753095870963477,60.94061396134108,401.3401840695383,"[1, 6]"
19.35380460644971,63.844218511917866,659.2467011384167,"[1, 5, 6]"
11.744172824689771,79.80742306032539,303.8612927645539,"[1, 6]"
23.871510754270133,74.74852616755652,374.0269987095911,[6]
13.35835052000207,61.55426550007926,560.5576115341822,"[1, 5, 6]"
23.98450455205262,71.080920642614,327.6238478698974,[6]
21.367156272138857,78.56206783937957,268.1369195675875,[6]
16.242625891696637,63.85127596083491,509.5909482347819,"[1, 5, 6]"
18.17855973750724,75.83298656589768,234.56387999357423,"[1, 6]"
16.739595393876343,61.01408935740967,473.972268681211,"[1, 6]"
11.66356706962274,75.0589712383642,516.3443479321414,"[1, 5, 6]"
23.182713961247536,65.70085268038376,655.0304564623802,"[5, 6]"
17.53334849012609,70.87418256423011,306.01170039543416,"[1, 6]"
13.645049703522275,72.56531844369032,507.3759020267013,"[1, 5, 6]"
10.107948236892751,70.95256771089932,334.52623984936946,"[1, 6]"
14.30028662108961,79.51234322739674,363.9723138298141,"[1, 6]"
11.695276772854776,73.06037841275754,620.0883012930242,"[1, 5, 6]"
10.473972588673597,63.58840979984869,252.2205126398355,"[1, 6]"
13.089714658993476,63.86076853099559,530.8379569631769,"[1, 5, 6]"
12.92204039779912,60.39203080891114,440.8931363123934,"[1, 6]"
19.68543424306828,62.45639826708678,371.69266809036185,"[1, 6]"
17.317251611561016,74.95763873334677,235.9294773895533,"[1, 6]"
22.42574019628957,78.43454117908661,495.5542211928914,[6]
14.96623632770067,68.55214724337954,386.1019400119748,"[1, 6]"
17.289708864107098,69.03727180045641,304.95904125817884,"[1, 6]"
21.878463043537323,71.77789912372111,623.0043754716463,"[5, 6]"
21.03067396930348,77.1092938244311,355.4040691093229,[6]
13.495982702333984,77.54376144744678,266.99497507687283,"[1, 6]"
10.41770473111496,75.14633716806328,369.1825136942465,"[1, 6]"
22.419533505924157,78.80576989681082,385.4582051579863,[6]
18.69178602672604,72.8623392983149,598.2252148252408,"[1, 5, 6]"
22.00000284113699,69.1542302283215,622.4920409324827,"[5, 6]"
12.301144238572224,60.33816742314715,343.843084649958,"[1, 6]"
21.79119950769508,71.31852775970846,523.2826190672199,"[5, 6]"
12.073164114726138,66.27266711406389,572.1168757013718,"[1, 5, 6]"
14.847002306351747,72.6523411477178,222.03864751802897,"[1, 6]"
22.64513833772245,71.52456954373979,289.5734176552551,[6]
18.2575433795054,72.46705723831707,463.32584352601,"[1, 6]"
20.116408936456278,66.17267350181905,544.5210008059602,"[5, 6]"
12.019429917847551,63.75044413773229,358.4709064681741,"[1, 6]"
19.81692107615928,66.42870652236078,280.46537760402623,"[1, 6]"
12.851596236296553,61.20608358431458,444.85932594467965,"[1, 6]"
19.666953969141083,71.4422660840579,408.1420742930085,"[1, 6]"
19.85933520784848,77.03134857587344,402.4956240708742,"[1, 6]"
22.83224046877316,79.03607939417914,370.7389031286656,[6]
21.575207217131776,68.4140102254072,399.0752912755314,[6]
15.474445687460218,62.7062811893774,488.081357771855,"[1, 6]"
19.800852003581763,61.70285809353875,508.2723603100178,"[1, 5, 6]"
16.659066835960527,66.87884383636028,214.6391099149663,"[1, 6]"
14.520792809687885,78.90912503996864,575.2576053696796,"[1, 5, 6]"
15.35325558779745,64.04508257248182,206.404872515635,"[1, 6]"
11.74728070277623,64.78908280307033,350.2047256460481,"[1, 6]"
21.255576571139912,75.16100880202458,309.31735912481497,[6]
23.67663915612853,72.7014838206212,500.02443291286994,"[5, 6]"
18.87513504300285,61.34665636737058,255.386706370584,"[1, 6]"
18.75694907255621,72.81349085643468,627.5289881227193,"[1, 5, 6]"
15.818710197777762,68.95830238439247,619.5098339855867,"[1, 5, 6]"
19.60473263740071,63.58445958570537,422.33146824696297,"[1, 6]"
20.23651732610432,60.04377402170322,693.561074807976,"[5, 6]"
20.07680634387445,73.97536420234016,332.1659004848184,[6]
10.8005918927224,65.52576328345685,431.7229999655618,"[1, 6]"
23.262442321600204,68.23546930827489,305.694331537793,[6]
14.270601460061004,71.10473714329372,531.4181005285604,"[1, 5, 6]"
11.292700176023072,65.68746641288446,370.8005302251378,"[1, 6]"
16.99504368051403,62.63975098006972,679.367474775411,"[1, 5, 6]"
11.839928757288313,66.6251007842926,600.4801314669194,"[1, 5, 6]"
19.67950765825755,67.91387953310132,409.9440469973424,"[1, 6]"
16.916428266450986,64.68347210781074,679.6212315197085,"[1, 5, 6]"
22.77158415946456,75.44597394280493,688.5573569827368,"[5, 6]"
19.52591102952441,63.3692045045843,416.4981879076227,"[1, 6]"
13.80346796817387,79.56329747900203,315.1000066226842,"[1, 6]"
16.865523614467183,72.80017090275159,204.7012906562453,"[1, 6]"
18.327716019137025,65.68548847940754,548.5827256575508,"[1, 5, 6]"
17.359501373523237,63.40028083271618,269.43460079390144,"[1, 6]"
17.703996832174976,73.16692931656773,409.1826570988959,"[1, 6]"
15.318068851920229,68.42249276002566,621.2743019441564,"[1, 5, 6]"
12.696502421430331,72.30513276440293,352.51361481298414,"[1, 6]"
15.743627587514208,75.52082562739785,312.725744644276,"[1, 6]"
22.197886712285147,63.912865132126285,444.1426707169941,[6]
14.01156162845458,75.27882557336918,678.0003852490919,"[1, 5, 6]"
21.23359646813961,69.90093301960806,645.9728104488056,"[5, 6]"
21.883067845159676,78.42130192236314,624.5302997571897,"[5, 6]"
11.093558975175974,60.92623421857218,623.1912038450096,"[1, 5, 6]"
14.871637636067364,69.3592290096595,629.052472832677,"[1, 5, 6]"
17.637501577197348,70.44524184274454,389.8318788690352,"[1, 6]"
10.041460295285004,64.15368544087505,238.52022479868413,"[1, 6]"
21.16940529568152,74.16283275437108,213.57632103774085,[6]
23.44384482329472,77.50995804619626,627.2614995463393,"[5, 6]"
12.678937269068925,74.3801730447213,320.1299355597027,"[1, 6]"
14.201271276184544,65.06008436956114,689.4977387136744,"[1, 5, 6]"
16.565107206364374,60.93859409393807,474.10645177022826,"[1, 6]"
12.161743733142862,66.4936391403036,267.73453128332187,"[1, 6]"
12.92587186172971,61.03398655313652,395.3151172443066,"[1, 6]"
14.319505412793532,60.55367305149329,565.3354587137053,"[1, 5, 6]"
22.578829328117774,73.87449723387984,601.7366622064311,"[5, 6]"
19.154082720710043,74.80233380447967,373.616210966436,"[1, 6]"
22.64987732783296,77.66495451818528,379.88303513451694,[6]
16.229140490715444,75.05452534787818,615.3295498039149,"[1, 5, 6]"
13.93578063095433,79.20459130152942,671.9523051095453,"[1, 5, 6]"
15.573330875503688,62.687651110567565,615.800948974025,"[1, 5, 6]"
10.312778616727243,64.14446327596723,210.9262837804056,"[1, 6]"
10.211144856440509,77.17610860210408,230.49585648049168,"[1, 6]"
17.985007606992813,64.58007477457281,681.17688829027,"[1, 5, 6]"
23.910838523082028,74.2643785970636,579.6677093789544,"[5, 6]"
13.217634314550844,66.88814732147421,487.21273405466127,"[1, 6]"
18.02490761172924,64.3968997969297,362.8446308556088,"[1, 6]"
16.49735740906319,69.66609100613154,420.4186822632912,"[1, 6]"
15.189941040366133,62.54312597160301,487.5648589543828,"[1, 6]"
11.941374829875135,65.42558565803118,556.1549338705827,"[1, 5, 6]"
16.784283957406608,67.66647040249943,594.7041341359186,"[1, 5, 6]"
13.801013009817256,60.66377919981658,624.9354936753867,"[1, 5, 6]"
19.083417919187823,69.66601471934993,580.4830779014965,"[1, 5, 6]"
17.289536351866797,68.15999163867636,303.8005994745229,"[1, 6]"
18.390152101786555,69.14557384763424,236.2663879708001,"[1, 6]"
22.733304937759648,66.53487312647674,621.0206239798188,"[5, 6]"
14.359731794725215,71.2666424209833,427.3517210695738,"[1, 6]"
16.675033639337464,78.61376632589177,615.8860237268173,"[1, 5, 6]"
23.4032260797051,79.91969311285217,316.55849208034823,[6]
21.049032540099244,72.72702776278602,508.19067168621393,"[5, 6]"
13.385514101238035,63.14389051198469,228.20539823110428,"[1, 6]"
19.014116242134605,70.45687848302994,442.5113583538487,"[1, 6]"
15.4522608770091,72.94308813094808,627.2430352432054,"[1, 5, 6]"
17.755689647490023,63.84006993354358,370.26969909222726,"[1, 6]"
15.29800279251858,73.97218719051482,209.18724009739407,"[1, 6]"
12.604833016975256,70.71563283400641,518.106051996328,"[1, 5, 6]"
13.992618845373602,76.71329792802383,446.91513170576377,"[1, 6]"
22.93621654110524,74.09569457527098,277.49088659403054,[6]
22.334870880929024,69.56686100279794,295.2729746473422,[6]
15.956911197558064,74.38156731534218,668.7961568529443,"[1, 5, 6]"
15.033068344698837,68.69451723923575,596.0920761327502,"[1, 5, 6]"
21.879304012467088,61.21671122549662,515.9798005585401,"[5, 6]"
21.10207677917664,64.99954582348542,589.0259747881211,"[5, 6]"
12.20848666849149,73.39051918807927,634.2924963521533,"[1, 5, 6]"
19.749234328587768,79.13723698133549,471.2121755038962,"[1, 6]"
19.49014690179686,78.48312942558672,328.990333849627,"[1, 6]"
10.219429855080625,62.29324016726833,263.2133309542824,"[1, 6]"
16.727893899037806,60.698795325607456,216.2698778299749,"[1, 6]"
13.000732037089062,72.71685008090081,434.230185575208,"[1, 6]"
14.496497902868567,63.04794939690202,396.6213064277782,"[1, 6]"
15.543473773807351,60.11848699170324,422.2697078646997,"[1, 6]"
14.191709898053071,73.89005390351588,434.5638240576694,"[1, 6]"
10.256719505763837,68.886174868127,378.12340218614014,"[1, 6]"
18.4440116367206,63.20734694046251,312.2913191643087,"[1, 6]"
14.07653323825242,67.77409587069799,471.3156980791008,"[1, 6]"
17.432400276145724,77.8365504136546,471.69317742250416,"[1, 6]"
10.48976131977726,73.77869457741104,402.7904437613957,"[1, 6]"
19.09408268721382,63.41598354252291,587.8662505946465,"[1, 5, 6]"
16.256613900891118,69.0460387076912,228.46636421692585,"[1, 6]"
10.771204909073996,69.64870510352988,270.66763124066733,"[1, 6]"
10.667265963702734,65.34972637995999,636.4335806657182,"[1, 5, 6]"
19.773013377609068,65.99134824345569,470.5855440409324,"[1, 6]"
15.645915523109863,67.00528678949983,446.443194036934,"[1, 6]"
19.482763672142667,65.31667639906823,429.2555121136242,"[1, 6]"
11.227495446239235,63.03120746887829,509.6109454692662,"[1, 5, 6]"
23.43066472161577,79.38031923346901,500.0802983211975,"[5, 6]"
20.37439004250443,74.87768195825313,278.93694990004053,[6]
20.28848491774517,65.04616646133819,640.5360993544524,"[5, 6]"
15.2826847464942,66.95145988054256,250.85885615755956,"[1, 6]"
19.74837880521787,68.0820530339868,440.54187612744806,"[1, 6]"
10.944255122631125,75.65105075426959,247.29767486395565,"[1, 6]"
15.328246025544964,63.200621626762285,253.37433096845731,"[1, 6]"
17.108867592344197,71.39441831202689,606.773062654552,"[1, 5, 6]"
19.71844420585903,76.04036450850748,450.8060351339162,"[1, 6]"
14.979768849264897,67.25416101514973,427.1774435192758,"[1, 6]"
16.129516386167403,63.41534817746066,607.4917791237021,"[1, 5, 6]"
23.62789310636434,78.08067621559795,390.3914871418971,[6]
16.172611573078175,73.72290533288572,396.3453307929742,"[1, 6]"
20.61484798531916,66.83057322667517,471.9323986947513,[6]
23.78509898501742,70.99307877797004,684.9155809293588,"[5, 6]"
18.886973695662533,73.99752277890232,639.6583642271689,"[1, 5, 6]"
17.74304918338438,79.80439559341613,441.2902568037099,"[1, 6]"
14.692091311403498,62.17830012233479,291.35562965886623,"[1, 6]"
20.862111462840225,61.09587364351549,547.9675011553925,"[5, 6]"
11.08684243032195,69.50591062173996,425.384395695534,"[1, 6]"
16.674848115627594,72.72857827946562,368.5358558024876,"[1, 6]"
16.24727700447713,60.15551711682868,666.844603536649,"[1, 5, 6]"
18.13946455438116,78.31964351647649,237.3908883576322,"[1, 6]"
14.315619836992967,67.33817789356296,206.23301771955695,"[1, 6]"
17.17645714509902,77.07128771098162,226.25832422939467,"[1, 6]"
14.87982287640644,69.62623078751639,530.5614589567044,"[1, 5, 6]"
12.170951749090836,70.63397332312282,666.1234771059937,"[1, 5, 6]"
18.68407555295162,71.21792652308912,207.31328089021832,"[1, 6]"
12.404472812363856,68.90923588989317,568.907139669314,"[1, 5, 6]"
17.35588827712284,77.7372730005377,330.971848484562,"[1, 6]"
20.317005162291167,60.8682597383358,609.7226025225357,"[5, 6]"
12.373998182040165,65.99567106414543,611.2558153714027,"[1, 5, 6]"
20.19409716296034,66.46515699741487,587.570040149995,"[5, 6]"
13.095373122047238,62.94514705254342,349.95326199027687,"[1, 6]"
23.38152755755376,68.52032131379994,249.97349160209,[6]
20.894149361606424,60.916110843384224,333.4636139117487,[6]
16.033009026611847,70.46079613716736,362.92865152359707,"[1, 6]"
18.40844095562064,68.87733956931879,594.2827846188486,"[1, 5, 6]"
12.410087825111017,67.08784076138629,313.7616286882884,"[1, 6]"
13.918057153134614,64.98052082911256,530.9594681249675,"[1, 5, 6]"
12.516494031499684,64.67315885487588,490.169957681962,"[1, 6]"
14.543438259232062,74.02285353571229,229.1597137311006,"[1, 6]"
10.454224521819672,69.66674778709006,425.3424039508772,"[1, 6]"
11.424520315623504,68.46720612195939,523.1535576919636,"[1, 5, 6]"
10.301306358006626,65.48053105403758,565.3320314888352,"[1, 5, 6]"
12.83669619308172,62.61292891431474,661.0773744561156,"[1, 5, 6]"
12.144135502893883,62.30061270368251,634.0235769591102,"[1, 5, 6]"
20.66907216333713,74.81599117999937,370.0450368124654,[6]
12.96623713529764,62.632134065602656,635.3858849150683,"[1, 5, 6]"
14.236306342854837,68.41174642338406,669.4495459891733,"[1, 5, 6]"
19.203418954098467,78.97666653550007,485.21318491935097,"[1, 6]"
11.44765123545509,72.68797918017839,649.6168284421997,"[1, 5, 6]"
15.264376093895116,76.55196470010117,395.07015538443375,"[1, 6]"
14.406537357815356,63.41847466774982,280.71529490551,"[1, 6]"
23.78342026350264,74.99210381582779,307.54914250791694,[6]
18.72108587565519,65.67691220936942,402.5424655450976,"[1, 6]"
13.481765605681089,74.49120600301232,357.99910697687363,"[1, 6]"
16.8694144095044,70.14953279676696,237.3240505477369,"[1, 6]"
11.1339307431525,65.19567469901443,394.3431311307049,"[1, 6]"
22.80887503041664,76.65521974474478,296.1068848382208,[6]
23.58226201972601,71.03158760000316,387.55135325498406,[6]
20.049280129378968,72.817408788771,331.1998903562653,[6]
21.60968246211455,69.86827508287668,283.2204281408207,[6]
22.59654556939037,66.66954650804287,466.58470341484406,[6]
16.563747353226166,75.74845141219457,691.6465385542938,"[1, 5, 6]"
21.75560413639838,78.61413816723716,290.5068823159372,[6]
15.631565595959168,68.89573556404224,438.21752126834826,"[1, 6]"
22.244978144541207,66.72767278794733,466.40912170963526,[6]
18.218179930054777,75.53254966454999,538.0737126670131,"[1, 5, 6]"
20.56701726550345,63.0896279347442,278.66883749521065,[6]
15.518744397134236,61.198565435918525,338.1890852150477,"[1, 6]"
14.188920271126824,65.28380263506118,510.4712402354045,"[1, 5, 6]"
21.533291306662285,67.32465610078918,499.8910641300268,[6]
10.590253405308289,67.86080296757731,527.4316475669916,"[1, 5, 6]"
19.71544420660445,74.67914502823204,570.2900653278791,"[1, 5, 6]"
12.220073831972485,67.45315243548758,480.4089101811619,"[1, 6]"
20.616518936123143,60.90685418126717,480.7280934454457,[6]
19.16107270595776,72.7998929253209,468.57265846796406,"[1, 6]"
20.69608276754544,73.73049115583578,221.95761176296435,[6]
23.49789041443301,76.82069705587233,278.2390961493579,[6]
19.31495841808521,73.55011760919717,397.2232087109464,"[1, 6]"
17.07232885781617,64.9928987192784,439.5095786959165,"[1, 6]"
14.674994375198445,75.57442823834529,244.50503779442627,"[1, 6]"
14.665546139785809,75.76255881607125,343.3255504340434,"[1, 6]"
14.74696401408896,61.07229015781629,639.0201030650951,"[1, 5, 6]"
12.426529354362836,61.15809801486285,339.657429489684,"[1, 6]"
11.023965493569817,60.07971203627251,455.2477339145465,"[1, 6]"
10.963555468241012,73.5685443587258,525.3369028200107,"[1, 5, 6]"
22.1955545968318,68.95036164113134,357.3182271439635,[6]
20.66269620227589,78.52161795931319,335.5163519669884,[6]
11.585314340606304,78.6605986349266,203.6012428227696,"[1, 6]"
22.84355472471028,69.0069964300077,359.30072170229244,[6]
12.12285780444834,73.8564267264453,693.2280514396781,"[1, 5, 6]"
23.28888463145065,75.11906793286408,263.39481276750126,[6]
19.60711778218956,64.15109168065011,452.14456523458045,"[1, 6]"
23.63210471121236,64.04117755638693,472.26555011026574,[6]
21.151684113479032,73.01390013166417,525.0478092984738,"[5, 6]"
20.317986899271197,79.67899520086931,383.9567913271501,[6]
22.28559275785978,71.50131502106221,547.7159735482247,"[5, 6]"
11.3562648410736,69.43485014616701,204.57622417386355,"[1, 6]"
12.698216664933213,69.85528623580224,669.783402408118,"[1, 5, 6]"
11.247763045860264,64.0990718689809,482.1908118989667,"[1, 6]"
20.270510414962,64.00908810551333,380.69304428856,[6]
22.273477607179917,66.29436523534271,445.9508896608724,[6]
23.04924408691107,72.9101808129256,319.65707652834084,[6]
21.33924210846213,79.85353058633025,340.82524981444374,[6]
20.64865000226494,67.01584599892202,619.8988173709338,"[5, 6]"
23.149005409954043,78.97447861098675,453.5491887121116,[6]
21.227453829784075,72.57503054311147,625.3566197242417,"[5, 6]"
10.63926195094043,76.3129145911735,430.4555449976256,"[1, 6]"
18.607775354910764,65.70919363109118,660.4819499136038,"[1, 5, 6]"
23.23124136576642,76.48335110713295,654.3521108610596,"[5, 6]"
13.948982930717646,78.27875085787882,665.867586445935,"[1, 5, 6]"
20.889822093302296,75.19723459913322,634.7660547501287,"[5, 6]"
11.547424410712772,64.29282340422073,687.3377079584179,"[1, 5, 6]"
10.18649884435652,66.2374042438026,670.1573169519518,"[1, 5, 6]"
20.50872054368369,76.31472446890157,393.8809119102149,[6]
18.42447388891476,60.20805958259572,350.1390146441158,"[1, 6]"
13.70150642049198,70.11125388699192,338.2519318726922,"[1, 6]"
21.446027406689936,60.689289411209785,520.5821132889148,"[5, 6]"
23.375814657611155,76.57782222902668,307.74935618011165,[6]
18.930618817652345,63.86349010830727,213.67820008065704,"[1, 6]"
14.245353990958392,63.86812761161077,272.636961244558,"[1, 6]"
13.354655569473309,68.43426999991163,677.8266729944539,"[1, 5, 6]"
13.10408798021238,74.52637418076995,321.91624937300134,"[1, 6]"
15.284703272363972,79.64413564193748,239.1277928477932,"[1, 6]"
23.31036861350099,65.68943804664147,280.27015847246827,[6]
21.899067416256088,60.8501166135817,339.12405677661866,[6]
21.339183011942,70.56433505431363,576.6790597689792,"[5, 6]"
14.57595479632026,73.92541655475883,284.2312938904901,"[1, 6]"
13.182030018003005,75.51176707817534,359.85194372816585,"[1, 6]"
16.780370913752304,70.21344086968159,462.11024156923526,"[1, 6]"
13.94396848831881,71.90184295021882,267.6879198148738,"[1, 6]"
10.227453538812709,69.36051831650585,672.2777073109003,"[1, 5, 6]"
13.548701032994476,61.216900173469895,694.6259445861726,"[1, 5, 6]"
18.34715099686186,62.89440892953292,516.7006636657668,"[1, 5, 6]"
16.00709366368694,62.163554375521805,503.95144348662967,"[1, 5, 6]"
13.05471522878137,66.14513037536277,398.3879157785051,"[1, 6]"
11.835876001933148,77.23199933763249,364.0449493601261,"[1, 6]"
10.618779763754164,79.93745821886164,370.8439983046413,"[1, 6]"
13.83452849960683,67.69968834993753,253.04298296059767,"[1, 6]"
12.280769354356858,71.1281338747905,453.260903441852,"[1, 6]"
10.716138923551576,77.84113894815121,645.3441648870797,"[1, 5, 6]"
15.34329796022972,73.14531445763164,406.4033515549119,"[1, 6]"
13.60468155183466,79.0937631066125,432.4668320019778,"[1, 6]"
15.136159163033849,79.34982679815249,570.2090185364052,"[1, 5, 6]"
10.078724802866049,76.05014287170562,369.8643233500868,"[1, 6]"
22.50884009386693,67.05957487799266,400.770991473706,[6]
20.173660561293296,61.95063842520448,670.9655370086112,"[5, 6]"
14.831023861856508,76.30472182512142,606.5224473909658,"[1, 5, 6]"
12.132809129932197,60.44468171924937,397.1787798326986,"[1, 6]"
10.166795313819843,74.56681537929107,415.26691620883565,"[1, 6]"
10.525270729061146,65.4853258563934,349.73241826588014,"[1, 6]"
20.20564895120756,64.14683860630674,262.3992525395927,[6]
10.035520720437194,60.47875614811075,485.369401533252,"[1, 6]"
16.37854686749783,67.16730796086692,486.0279211061361,"[1, 6]"
12.133161655919173,61.27145351074432,653.382567703973,"[1, 5, 6]"
12.028588708437605,71.09139931817506,562.2013600875056,"[1, 5, 6]"
12.10378622913318,61.682226470150965,634.7146258722483,"[1, 5, 6]"
20.06302903438911,74.38724540129955,499.6367473514643,[6]
19.261888062105683,64.08343508251266,512.5983483314257,"[1, 5, 6]"
18.24072313477877,69.24995129038898,574.6843504063775,"[1, 5, 6]"
18.91917182920068,63.46928648754238,322.2410235117811,"[1, 6]"
20.756510318403784,77.35127546557962,583.6517739330968,"[5, 6]"
14.39140790086038,73.83856285649232,214.8753483297106,"[1, 6]"
16.45498478729447,68.65735320849814,244.95751162503487,"[1, 6]"
16.79972177281654,71.32464804101619,266.7982727761341,"[1, 6]"
10.126609449590209,68.56178043158648,513.6613758902258,"[1, 5, 6]"
17.52231019746195,60.06743840920587,406.2174996763381,"[1, 6]"
22.031820472414733,69.38501704812077,271.1065486935064,[6]
17.138274936980714,70.93786710338792,230.76261558986585,"[1, 6]"
16.682697685644328,60.123175488082445,564.1558821213775,"[1, 5, 6]"
10.397211779831071,79.01095982390032,517.700202930067,"[1, 5, 6]"
17.170787623533087,68.95268150579406,692.8615357838967,"[1, 5, 6]"
10.740736161976132,72.58621521644288,444.9887333292098,"[1, 6]"
20.367234520995563,60.69799020119205,264.97301489341817,[6]
22.95422104814042,76.4617164697217,518.9791167271652,"[5, 6]"
18.519735510678,72.53753909411566,672.314424871123,"[1, 5, 6]"
20.582953838787017,63.072765244427984,208.191095029934,[6]
15.06524106749909,74.56682949264851,264.32246210654694,"[1, 6]"
21.61536562431914,68.79045438944786,642.4982266923478,"[5, 6]"
12.131711940201932,68.59199857902024,414.5773536954432,"[1, 6]"
17.18075545501285,68.25095816271173,667.1176625840213,"[1, 5, 6]"
12.354334679463012,76.40973704111528,305.25967474664816,"[1, 6]"
11.03093019006926,75.90301158345665,244.56230086962572,"[1, 6]"
20.85107179706865,62.40390408373644,318.4303272480509,[6]
15.277505285918044,72.54531073917931,610.8991916850373,"[1, 5, 6]"
13.14829246544378,71.8050702418065,579.3730970525995,"[1, 5, 6]"
16.4297835549871,77.8419731294877,352.1651794766587,"[1, 6]"
17.087833924318183,75.49811961840867,224.99412033712085,"[1, 6]"
18.62369413860237,67.59708298357657,654.4520274537585,"[1, 5, 6]"
10.15962754273218,67.07880948730491,640.6937766157994,"[1, 5, 6]"
16.510609866565066,69.3883203694576,627.4268212022686,"[1, 5, 6]"
18.754773893618967,62.72844943325094,562.5312813343248,"[1, 5, 6]"
10.146341618830078,76.8526145157791,503.8201704238013,"[1, 5, 6]"
11.26711966928088,61.7817871074177,553.2374142692503,"[1, 5, 6]"
20.35514526037717,75.72552526552207,266.9637937118713,[6]
16.04738730735086,65.55998200924428,667.7823294724377,"[1, 5, 6]"
23.003424672927206,62.11990354641036,581.6503667844809,"[5, 6]"
12.921013900586765,60.39776463734151,335.6750122057691,"[1, 6]"
18.53565767500653,71.9343690057569,458.2731754947375,"[1, 6]"
23.49955600674896,62.712983430301584,361.2999679804881,[6]
23.648795167307945,69.21192842212903,439.4507957305641,[6]
12.42140161260998,75.12963856309956,609.425229376295,"[1, 5, 6]"
23.04870583650095,65.72305601291582,620.4960967759844,"[5, 6]"
23.96415009211577,65.72192068032382,429.9517238634961,[6]
11.077918745881192,63.64645649191508,403.1803881144401,"[1, 6]"
20.863491112782256,65.26293994803669,314.9882121997494,[6]
16.981320357402648,71.36868879408794,534.1431138088572,"[1, 5, 6]"
19.09351250693851,79.89766338649932,315.41763808448627,"[1, 6]"
20.34119535253744,78.43882976255198,640.0510868369801,"[5, 6]"
13.91632517769662,77.90671564614878,645.7260075480975,"[1, 5, 6]"
19.097017370628496,60.21080768218239,609.2617214423477,"[1, 5, 6]"
23.766195585402954,75.13519629619732,630.4254852751194,"[5, 6]"
14.768378707520608,75.25764304522583,538.2822222392392,"[1, 5, 6]"
14.245150985763347,61.51424145486611,379.6355284963191,"[1, 6]"
19.59702964047681,79.76067759187325,302.22947034206084,"[1, 6]"
14.493928635504211,70.08686134303345,323.8408913862013,"[1, 6]"
22.939888230931462,78.28008662690819,589.268646810084,"[5, 6]"
11.02871447583034,76.32330975836985,431.4148873533672,"[1, 6]"
20.76910987161384,71.35659857022594,304.4616851713045,[6]
16.704054969674626,68.2854303741476,615.7931200471932,"[1, 5, 6]"
21.06192851066966,77.33738573893035,366.7541268616743,[6]
20.590335730649635,69.33946157091391,473.9687240643893,[6]
21.58554950168664,64.81895972626805,212.129113375551,[6]
10.911197865538456,62.09497522788524,567.879251346383,"[1, 5, 6]"
21.25697401438653,75.58926559184565,307.86327836622405,[6]
21.5607885425346,60.37194470623334,426.40650219925897,[6]
16.60134126224706,67.982086675775,668.5901510486046,"[1, 5, 6]"
12.820551957731542,74.07198212960945,670.2073392118507,"[1, 5, 6]"
10.083864578829823,65.7792126046908,458.5031168772206,"[1, 6]"
10.986854382205673,68.4010135190468,236.84998896081987,"[1, 6]"
16.45228796782366,61.90204169653646,458.1098045576909,"[1, 6]"
21.443266922527943,61.93823317720767,548.0197844285667,"[5, 6]"
20.253054801089537,75.03818636797399,341.3894466425211,[6]
23.88621920342794,76.6649857064733,368.2005172495525,[6]
16.796168054703593,73.95853060202619,342.2051483531088,"[1, 6]"
20.872130259162557,72.27678519200758,348.9699986590977,[6]
21.85752334188315,71.7611544691719,618.0833705238022,"[5, 6]"
11.931594619780382,62.09451769313348,279.6556305127474,"[1, 6]"
23.630806859832767,63.53654209538452,596.4176450603427,"[5, 6]"
11.557531698162148,77.72545170110853,390.3720976532155,"[1, 6]"
10.725236331816,65.26482262936352,388.0667538419408,"[1, 6]"
19.870409244704213,78.15195376160872,552.6057187405337,"[1, 5, 6]"
11.64687126716445,77.371823399059,558.8697164458599,"[1, 5, 6]"
15.45506555588563,65.48691950460551,478.1707546039787,"[1, 6]"
18.05492409431537,66.74172581441519,223.5113878812374,"[1, 6]"
17.8239428383597,68.234959295574,665.0914483349427,"[1, 5, 6]"
16.412092097487644,75.52204300980245,466.0234210775845,"[1, 6]"
10.030100006991749,69.29849116137298,519.2328583384415,"[1, 5, 6]"
11.8383904832288,69.91102971628136,690.2689565144,"[1, 5, 6]"
19.012286493695687,67.2637945615075,373.7103733285227,"[1, 6]"
23.13470230287496,72.37724439030411,330.9633821738031,[6]
14.656286274068016,65.75623220877435,227.67053243636516,"[1, 6]"
17.108480318126606,69.77528001377433,351.93059443102334,"[1, 6]"
14.876868510679524,73.63070574496899,548.6217935545963,"[1, 5, 6]"
20.717262951993067,68.90168849781634,524.6205410870376,"[5, 6]"
15.90715680612796,67.5141351272627,643.609262951568,"[1, 5, 6]"
12.25324184528966,74.53404921005381,579.0348575955929,"[1, 5, 6]"
21.434938872720085,64.26303923545082,210.74760234449724,[6]
17.316898486266652,73.23059875739911,687.4032891518408,"[1, 5, 6]"
15.377069416575583,74.1919871527366,542.9120083090038,"[1, 5, 6]"
13.360023925880764,75.92859090657727,597.7834508538058,"[1, 5, 6]"
21.22586241766121,61.69737553752798,470.18128415981056,[6]
21.53983980612859,67.4327584122234,470.61543440543215,[6]
22.804774468341652,76.51055615358982,471.5588977476283,[6]
20.636125663509706,75.33460406731481,680.0018343546499,"[5, 6]"
21.35673082178456,66.99480550773964,499.9888418796196,[6]
22.19683979726012,70.37043789199483,259.3665493393429,[6]
12.236108887070468,60.40806946856552,698.7686535630908,"[1, 5, 6]"
11.806008746439968,72.92040415437557,569.95794857232,"[1, 5, 6]"
19.987560791790376,78.21621441898758,328.90272406821657,"[1, 6]"
22.171615645890142,63.17079729395212,656.7810137039221,"[5, 6]"
20.593392303019428,72.97882390121654,244.3650004765784,[6]
21.8556331088494,67.38259151897742,651.0965282995645,"[5, 6]"
15.916284147578194,76.87214460526121,339.46223791681734,"[1, 6]"
23.33852510104133,61.22548982749387,406.8468546107755,[6]
15.353768661183649,77.14630062270015,311.95867455443,"[1, 6]"
13.12757050880004,70.32706861629433,329.71329050993097,"[1, 6]"
16.386612360905545,65.36656306051796,248.9660327423668,"[1, 6]"
16.959784736679964,69.90417491447283,399.2451497560873,"[1, 6]"
11.51228152390134,68.00257989271486,235.8389741321828,"[1, 6]"
17.607355652711153,76.73950893501654,498.8648821288693,"[1, 6]"
14.264123233107206,66.08305361728837,407.74729488692,"[1, 6]"
11.13459500614337,72.76392499131114,638.0717925165218,"[1, 5, 6]"
19.005630583439128,79.94707725966622,327.32754943178617,"[1, 6]"
13.10754741223257,77.45345303191712,463.8803626292654,"[1, 6]"
19.714502197820018,77.22248514450727,260.8354319803168,"[1, 6]"
15.485071080816835,73.12999216772887,684.5454231153833,"[1, 5, 6]"
20.85259718517809,71.03466558537224,603.846714168048,"[5, 6]"
17.791291153289386,60.51091581441506,225.29587230241756,"[1, 6]"
15.354767159008642,62.82123184429447,350.68563956977823,"[1, 6]"
15.255464483300011,64.9045564611183,429.0230278455776,"[1, 6]"
10.978333921166303,62.72776930643303,263.4034578579049,"[1, 6]"
23.042617980803577,78.23148206826609,478.2871886000839,[6]
18.061104428444008,64.85969149580698,388.574080564436,"[1, 6]"
20.486787957984472,69.05597108612392,590.9047154006473,"[5, 6]"
22.885593988133596,69.9287482854109,520.0085884289349,"[5, 6]"
15.338011506841193,62.583650594703485,486.336714923252,"[1, 6]"
22.604150830994836,73.13714327338451,367.7311480458558,[6]
14.500463007121546,67.7763545150746,520.3551487316745,"[1, 5, 6]"
11.355937707306264,69.89682050015374,665.1972277537056,"[1, 5, 6]"
15.132788100799614,75.60663020655714,624.2142331682022,"[1, 5, 6]"
21.374744834956765,78.65106536482828,565.5798839204058,"[5, 6]"
18.90833691749404,68.5477362190465,219.87953188185875,"[1, 6]"
22.782286950070684,74.73763202237471,395.9687213809201,[6]
20.73204961127358,67.4416740880601,496.784042830215,[6]
15.29205176486884,77.85288931188308,290.6707679811061,"[1, 6]"
19.19027078972277,61.83850640037922,269.13157181164314,"[1, 6]"
23.318836508716288,74.25667627681958,590.9380232519102,"[5, 6]"
10.13188496472652,66.28471085910465,366.1850776609014,"[1, 6]"
16.064497072982515,66.32229295439419,665.8154349567556,"[1, 5, 6]"
14.449218545487645,75.43051395975743,213.1338609227211,"[1, 6]"
11.717873538746227,72.56035219273967,678.1965082175188,"[1, 5, 6]"
17.24427351129752,75.41544433473017,587.5515555182533,"[1, 5, 6]"
23.395764013306795,75.2685301884281,624.4584973817202,"[5, 6]"
11.776250272401844,60.52086005961764,227.70095905444455,"[1, 6]"
14.843109993050865,62.509201447727776,625.1820701347153,"[1, 5, 6]"
11.175619839947965,67.9985655854353,389.88121895312736,"[1, 6]"
17.41221407185535,77.9923068511381,200.4896838298371,"[1, 6]"
20.46132559834995,63.0906296053664,448.1779723970369,[6]
20.179637661231,67.87402022077492,352.3922597945076,[6]
21.516759773640423,64.61884001906944,208.22027191382284,[6]
12.692975782981604,76.0819019102974,684.6124133984811,"[1, 5, 6]"
18.67113414534858,72.49571997568839,478.5548936078594,"[1, 6]"
13.588434269411351,70.73424543492945,354.6838731395776,"[1, 6]"
10.654139840624351,70.72256601215891,552.947181664146,"[1, 5, 6]"
18.182182701786854,69.63794083371877,578.8124393647659,"[1, 5, 6]"
23.82611274192809,63.805184675682455,686.1849130341827,"[5, 6]"
13.52630213188747,71.15067239819321,356.0546564504912,"[1, 6]"
12.043793585240929,60.07642162179007,238.44984023916925,"[1, 6]"
15.744889265870675,74.72386909570095,567.8736061868144,"[1, 5, 6]"
11.332776828567,78.49554641937327,420.3623789347831,"[1, 6]"
20.37376429908991,63.14912451011286,484.1237354582204,[6]
17.185225753915255,60.87377630694468,203.6033242389394,"[1, 6]"
18.133941907259526,65.22757055427647,351.05814213132203,"[1, 6]"
21.979625801896518,67.94920786217607,486.4421542897493,[6]
20.530091448982887,75.27366042032318,474.1967265107701,[6]
10.898312492463983,69.58860655511694,482.3891377837497,"[1, 6]"
12.462148787081304,65.60744204758724,534.9265324970586,"[1, 5, 6]"
18.87999039120577,78.61268492035884,447.1003420481885,"[1, 6]"
15.396286551779808,60.959495326600695,387.7528848424986,"[1, 6]"
21.07871939587116,70.03075519209786,362.22630600585086,[6]
10.1238827072687,74.59457024685842,553.0038069340467,"[1, 5, 6]"
18.9732112400621,60.74752135972561,433.8963927933336,"[1, 6]"
22.148458201198743,67.59765396618883,273.2556443752389,[6]
14.972474589248758,66.61600089944096,201.2658609036189,"[1, 6]"
15.248280883681105,73.8901514048462,575.9927684362021,"[1, 5, 6]"
18.5249498643295,66.09144114429836,464.8226577295465,"[1, 6]"
18.003225021263685,78.73349832894223,399.9689079092113,"[1, 6]"
19.584641645623268,68.89423246209459,537.1795291560513,"[1, 5, 6]"
23.86004395052155,75.42209692191366,645.376951135637,"[5, 6]"
10.73505995794022,62.29908265017169,418.1278634695147,"[1, 6]"
17.8803492867235,62.733600488245074,449.2077845954316,"[1, 6]"
13.682395785878755,71.53783691612598,441.58165371585176,"[1, 6]"
21.87563746676827,64.04780953950922,639.4848230399539,"[5, 6]"
23.13830352173841,69.32696568478586,406.08085798895786,[6]
13.0167823117574,75.12255465463267,672.3917315051478,"[1, 5, 6]"
10.667317676414054,63.12363862737897,278.540794498836,"[1, 6]"
17.261386990114566,76.02971707510545,537.5608032873935,"[1, 5, 6]"
13.77231777028402,64.46428377790787,243.7889280699245,"[1, 6]"
22.481024056263117,68.08464881857961,306.01555292366453,[6]
10.122003511083792,66.93043205580243,375.8902233305755,"[1, 6]"
16.549573832607933,69.53311234698738,578.3309859469646,"[1, 5, 6]"
17.843630969185277,61.18955321977129,313.5068411762843,"[1, 6]"
15.426544979582909,70.49514787751089,347.13145275911097,"[1, 6]"
10.936136016347628,73.13004165066494,230.16631919905436,"[1, 6]"
12.573662732229964,64.13535316018641,667.3246794226473,"[1, 5, 6]"
22.886793405816785,60.03195591384305,470.1728735499292,[6]
14.788041741665726,63.80311220297424,659.5397170847523,"[1, 5, 6]"
18.251758053192987,66.85367571127023,341.16319890519605,"[1, 6]"
19.89181445761662,60.27438163981369,685.2457665544324,"[1, 5, 6]"
17.087753108288858,61.75765506219732,519.4454277035949,"[1, 5, 6]"
16.01090627644439,60.578708686121466,207.82564349840504,"[1, 6]"
22.636686206716085,61.79647331282279,345.207183713422,[6]
20.05252658164333,65.06118551066335,557.0739800688202,"[5, 6]"
17.25748442754795,62.73010436456825,257.96537822224195,"[1, 6]"
17.714435889875418,79.23863839466588,332.1210706038613,"[1, 6]"
22.0847696428743,77.88977133506691,475.3612487607191,[6]
20.973379848235677,75.69994921637523,558.0836701800614,"[5, 6]"
17.771302448745637,74.921510711494,322.9733341824352,"[1, 6]"
14.028922881235191,66.6788919242793,454.8870690086112,"[1, 6]"
11.428892990022558,66.09656840567179,542.8480684791537,"[1, 5, 6]"
11.632693973545964,61.86125277759737,358.0864094757799,"[1, 6]"
20.725414700279543,66.11882716454322,200.1473686445757,[6]
13.666180229172216,64.83356906157243,496.46710481210494,"[1, 6]"
20.10410525441459,65.04818035925123,458.17924732866464,[6]
23.00542764013441,70.34822273111192,527.9977427854847,"[5, 6]"
11.289148677255708,65.07554277884734,356.38694519867283,"[1, 6]"
20.402740637131163,67.52291896949642,419.5033297516309,[6]
22.822618953406973,66.13448221569847,324.3058387399416,[6]
